Ticker,Company,Sector,Industry,Market Cap,Price,52 Week High,52 Week Low,Dividend Yield,Price/Sales,Price/Book,Price/Earnings,Earnings/Share,ROA,ROE,5Y Revenue Growth,1Y Implied Volatility
A,Agilent Technologies,Health Care,Health Care Equipment,46163544000,155.92,160.26,112.52,0.01,6.61,8.53,29.34,5.21,0.15,0.3,0.53,0.33
AAL,American Airlines Group,Industrials,Airlines,10619382000,16.34,21.42,11.65,0,0.23,,0,-2.29,-0.02,0,-0.26,0.58
AAP,Advance Auto Parts,Consumer Discretionary,Automotive Retail,8866804000,147.49,237.39,138.52,0.04,0.82,3.17,11.72,12.22,0.06,0.26,0.15,0.35
AAPL,Apple Inc.,Information Technology,"Technology Hardware, Storage & Peripherals",2.18E+12,137.87,179.61,124.17,0.01,5.43,42.47,22.14,6.11,0.28,1.61,0.72,0.33
ABBV,AbbVie,Health Care,Pharmaceuticals,2.65E+11,149.59,175.91,128.26,0.04,4.6,16.41,10.9,13.64,0.17,1.56,1.19,0.26
ABC,AmerisourceBergen,Health Care,Health Care Distributors,33362704000,162.21,174.63,127.94,0.01,0.14,473.82,14.79,11.02,0.04,4.44,0.56,0.27
ABT,Abbott,Health Care,Health Care Equipment,1.97E+11,112.82,130.93,93.25,0.02,4.44,5.43,19.86,5.63,0.14,0.28,1.07,0.26
ACGL,Arch Capital Group,Financials,Reinsurance,23102268000,62.46,64.37,41.05,0,2.66,2.13,15.89,3.99,0.03,0.13,1.07,0.27
ACN,Accenture,Information Technology,IT Consulting & Other Services,1.77E+11,280.47,360.1,242.95,0.02,2.79,7.27,24.79,11.01,0.15,0.31,0.68,0.32
ADBE,Adobe Inc.,Information Technology,Application Software,1.63E+11,356.38,540.46,274.73,0,8.91,11.33,31.28,10.95,0.19,0.37,1.41,0.41
ADI,Analog Devices,Information Technology,Semiconductors,84120416000,165.17,180.01,133.48,0.02,6.92,2.28,17.01,9.59,0.1,0.14,1.35,0.35
ADM,ADM,Consumer Staples,Agricultural Products,46556056000,84.75,98.88,65.64,0.02,0.49,1.95,11.51,7.41,0.07,0.18,0.37,0.31
ADP,ADP,Information Technology,Data Processing & Outsourced Services,98384760000,237.17,274.92,192.26,0.02,5.87,37.57,32.32,7.22,0.05,0.81,0.33,0.27
ADSK,Autodesk,Information Technology,Application Software,44426420000,205.9,252.34,163.2,0,9.64,46.71,50.01,3.92,0.1,1.08,1.16,0.45
AEE,Ameren,Utilities,Multi-Utilities,22408688000,86.68,99.2,73.28,0.03,3.01,2.15,21.56,3.99,0.03,0.1,0.05,0.23
AEP,American Electric Power,Utilities,Electric Utilities,47362844000,92.17,105.6,80.3,0.04,2.5,1.92,18.25,5.02,0.03,0.11,0.03,0.23
AES,AES Corporation,Utilities,Independent Power Producers & Energy Traders,17987894000,26.93,29.89,18.62,0.02,1.47,3.85,16.34,1.63,0.04,0.37,-0.18,0.34
AFL,Aflac,Financials,Life & Health Insurance,44178112000,71.05,74.01,52.07,0.02,2.22,1.82,13.11,5.39,0.03,0.13,-0.02,0.25
AIG,American International Group,Financials,Property & Casualty Insurance,46413960000,62.47,65.73,47.05,0.02,0.86,1.13,13.05,4.73,0.01,0.07,-0.01,0.34
AIZ,Assurant,Financials,Multi-line Insurance,6810445000,128.91,194.12,119.01,0.02,0.71,1.62,12.36,10.18,0.02,0.12,0.35,0.26
AJG,Arthur J. Gallagher & Co.,Financials,Insurance Brokers,40881876000,193.9,201.51,147.32,0.01,4.89,4.66,26.48,7.21,0.04,0.18,0.47,0.25
AKAM,Akamai,Information Technology,Internet Services & Infrastructure,13857738000,88.13,123.25,76.28,0,3.98,3.25,20.14,4.3,0.08,0.16,0.48,0.36
ALB,Albemarle Corporation,Materials,Specialty Chemicals,29111348000,248.49,334.55,169.93,0.01,5.23,4.02,16.67,14.34,0.14,0.27,0.24,0.52
ALGN,Align Technology,Health Care,Health Care Supplies,18981996000,243.01,552,172.05,0,4.96,5,35.53,6.65,0.09,0.14,2.66,0.58
ALK,Alaska Air Group,Industrials,Airlines,6319069000,49.82,61.55,38.19,0,0.7,1.63,13.61,3.63,0.03,0.12,0.04,0.43
ALL,Allstate,Financials,Property & Casualty Insurance,33323636000,125.65,144.46,111.85,0.03,0.66,2.12,41.41,3.01,0.01,0.05,0.38,0.28
ALLE,Allegion,Industrials,Building Products,9777149000,111.3,125.39,87.33,0.01,3.17,11.98,20.86,5.19,0.13,0.6,0.28,0.32
AMAT,Applied Materials,Information Technology,Semiconductor Equipment,92559952000,109.65,145.16,71.12,0.01,3.48,7.49,13.77,7.71,0.26,0.57,0.77,0.47
AMCR,Amcor,Materials,Paper Packaging,17689558000,11.88,13.6,10.42,0.04,1.2,4.4,14.51,0.81,0.07,0.28,2.59,0.28
AMD,AMD,Information Technology,Semiconductors,1.13E+11,70.07,132.96,54.57,0,4.52,2,20.52,3.3,0.09,0.11,2.85,0.57
AME,Ametek,Industrials,Electrical Components & Equipment,32725696000,142.5,147.01,106.17,0.01,5.48,4.48,25.14,5.53,0.11,0.18,0.44,0.26
AMGN,Amgen,Health Care,Biotechnology,1.40E+11,263.24,296.67,214.39,0.03,5.47,38.37,14.59,17.96,0.16,2.87,0.13,0.24
AMP,Ameriprise Financial,Financials,Asset Management & Custody Banks,35463464000,333.25,339.72,219.99,0.02,2.66,10.56,13.26,24.37,0.02,0.62,0.15,0.34
AMT,American Tower,Real Estate,Specialized REITs,1.03E+11,221.41,282.47,178.17,0.03,9.75,8.44,23.07,6.3,0.04,0.28,0.62,0.3
AMZN,Amazon,Consumer Discretionary,Internet & Direct Marketing Retail,9.92E+11,97.25,170.83,81.43,0,1.98,6.95,49.32,1.9,0.05,0.14,2.45,0.43
ANET,Arista Networks,Information Technology,Communications Equipment,35180616000,115.13,143.57,89.11,0,9.3,7.77,31.41,3.55,0.19,0.27,1.61,0.45
ANSS,Ansys,Information Technology,Application Software,22337258000,256.42,342.86,194.23,0,11.09,4.76,40.26,6.17,0.09,0.12,0.93,0.4
AON,Aon,Financials,Insurance Brokers,67309968000,325.4,341.98,246.21,0.01,5.66,,24.18,13.19,0.09,4.46,0.05,0.27
AOS,A. O. Smith,Industrials,Building Products,9036701000,59.15,78.96,46.58,0.02,2.44,5.05,18.35,3.15,0.15,0.28,0.32,0.33
APA,APA Corporation,Energy,Oil & Gas Exploration & Production,14496976000,45.09,51.95,27.98,0.02,1.43,9.51,5.98,7.55,0.2,3.26,0.48,0.61
APD,Air Products and Chemicals,Materials,Industrial Gases,67536008000,304.4,328.56,216.24,0.02,5.24,4.85,28.81,10.41,0.08,0.16,0.55,0.28
APH,Amphenol,Information Technology,Electronic Components,46459064000,78.07,82.86,61.67,0.01,3.92,6.95,26.5,2.92,0.12,0.28,0.73,0.29
APTV,Aptiv,Consumer Discretionary,Auto Parts & Equipment,28200478000,104.08,147.05,77.96,0,1.66,3.27,37.58,2.69,0.04,0.09,-0.06,0.47
ARE,Alexandria Real Estate Equities,Real Estate,Office REITs,25768222000,157.04,206.85,126.74,0.03,10,1.19,18.71,3.73,0.02,0.03,1.29,0.28
ATO,Atmos Energy,Utilities,Gas Utilities,15934809000,113,122.96,97.71,0.03,3.76,1.66,19.8,5.66,0.04,0.09,0.52,0.22
ATVI,Activision Blizzard,Communication Services,Interactive Home Entertainment,57789024000,73.84,82,70.94,0.01,7.9,3.07,32.93,2.24,0.07,0.1,0.33,0.21
AVB,AvalonBay Communities,Real Estate,Residential REITs,23831456000,170.35,259.05,157.69,0.04,9.44,2.1,17.83,8.79,0.06,0.11,0.12,0.28
AVGO,Broadcom Inc.,Information Technology,Semiconductors,2.39E+11,570.78,645.31,415.07,0.03,7.09,10.36,16.14,34.89,0.21,0.7,0.88,0.36
AVY,Avery Dennison,Materials,Paper Packaging,15423785000,190.49,209.92,151.62,0.02,1.71,7.51,19.33,9.63,0.1,0.41,0.38,0.32
AWK,American Water Works,Utilities,Water Utilities,27554216000,151.54,173.87,122.77,0.02,7.24,3.52,33.01,4.55,0.03,0.11,0.19,0.27
AXP,American Express,Financials,Consumer Finance,1.13E+11,151.6,199.55,130.65,0.01,2.26,4.58,14.76,9.95,0.04,0.33,0.29,0.35
AZO,AutoZone,Consumer Discretionary,Specialty Stores,43661164000,2326.61,2610.05,1703.32,0,2.69,,19.51,119.29,0.16,-0.69,0.49,0.31
BA,Boeing,Industrials,Aerospace & Defense,1.23E+11,206.76,223.23,113.02,0,2,,0,-16.99,-0.07,0,-0.34,0.45
BAC,Bank of America,Financials,Diversified Banks,2.72E+11,33.85,50.11,29.31,0.03,2.32,1.09,10.42,3.19,0.01,0.11,0.15,0.34
BALL,Ball Corporation,Materials,Metal & Glass Containers,18279562000,58.23,97.99,46,0.01,1.21,5.02,17.11,3.31,0.05,0.29,0.52,0.37
BAX,Baxter International,Health Care,Health Care Equipment,22120830000,43.88,89.7,43.25,0.03,1.5,3.94,11.92,3.66,0.06,0.23,0.26,0.29
BBWI,"Bath & Body Works, Inc.",Consumer Discretionary,Specialty Stores,10280959000,45.01,62.26,25.75,0.02,1.28,,11.46,3.86,0.18,-0.41,-0.37,0.56
BBY,Best Buy,Consumer Discretionary,Computer & Electronics Retail,18291896000,82.67,112.96,60.78,0.04,0.35,6.13,11.29,7.22,0.1,0.57,0.31,0.46
BDX,Becton Dickinson,Health Care,Health Care Equipment,72150064000,253.81,280.62,215.9,0.01,3.83,2.87,20.77,12.23,0.07,0.14,0.56,0.25
BEN,Franklin Templeton,Financials,Asset Management & Custody Banks,15027751000,30.04,33.03,20.24,0.04,1.77,1.19,8.06,3.64,0.07,0.15,0.29,0.36
BF.B,Brown–Forman,Consumer Staples,Distillers & Vintners,31743688000,66.25,78.15,60.23,0.01,8.03,10.39,35.82,1.84,0.14,0.32,0.31,0
BIIB,Biogen,Health Care,Biotechnology,41151164000,285.77,311.88,187.16,0,4.04,3.16,16.45,17.03,0.1,0.21,-0.04,0.43
BIO,Bio-Rad,Health Care,Life Sciences Tools & Services,13638212000,457.29,670.61,344.63,0,4.88,1.59,31.89,14.13,0.03,0.04,0.41,0.42
BK,BNY Mellon,Financials,Asset Management & Custody Banks,39799712000,49.24,64.63,36.22,0.03,1.98,1.1,10.82,4.52,0.01,0.11,-0.23,0.32
BKNG,Booking Holdings,Consumer Discretionary,Internet & Direct Marketing Retail,90932672000,2344.29,2715.66,1616.85,0,5.96,24.47,25.21,91.84,0.16,0.81,0.02,0.42
BKR,Baker Hughes,Energy,Oil & Gas Equipment & Services,31333100000,31.07,39.78,20.42,0.02,1.44,2.14,39.6,0.77,0.02,0.05,1.08,0.46
BLK,BlackRock,Financials,Asset Management & Custody Banks,1.11E+11,741.71,831.32,503.12,0.03,6.13,2.94,20.64,35.36,0.04,0.14,0.43,0.33
BMY,Bristol Myers Squibb,Health Care,Pharmaceuticals,1.58E+11,74.15,81.43,61.19,0.03,3.44,4.79,9.57,7.71,0.16,0.5,1.39,0.23
BR,Broadridge Financial Solutions,Information Technology,Data Processing & Outsourced Services,17211748000,146.29,183.33,131.35,0.02,2.93,8.8,22.77,6.25,0.09,0.4,0.38,0.3
BRK.B,Berkshire Hathaway,Financials,Multi-Sector Holdings,6.81E+11,309.87,362.1,259.85,0,2.7,1.45,21.53,14.18,0.03,0.06,0.23,0.23
BRO,Brown & Brown,Financials,Insurance Brokers,17480462000,61.72,74,52.91,0.01,5.04,3.95,27.26,2.21,0.05,0.15,0.73,0.29
BSX,Boston Scientific,Health Care,Health Care Equipment,65342032000,45.62,47.95,34.98,0,5.22,3.68,26.58,1.71,0.08,0.15,0.42,0.3
BWA,BorgWarner,Consumer Discretionary,Auto Parts & Equipment,10396438000,44.4,45.7,31.14,0.02,0.69,1.45,9.93,4.4,0.06,0.15,0.64,0.38
BXP,Boston Properties,Real Estate,Office REITs,11160956000,71.2,133.11,64.03,0.06,3.66,1.32,9.75,5.8,0.04,0.11,0.13,0.32
C,Citigroup,Financials,Diversified Banks,98953824000,51.09,69.11,40.01,0.04,0.95,0.52,7.13,6.92,0.01,0.08,0.15,0.34
CAG,Conagra Brands,Consumer Staples,Packaged Foods & Meats,18102104000,37.98,41.3,30.06,0.03,1.58,2.09,14.66,2.61,0.06,0.14,0.47,0.25
CAH,Cardinal Health,Health Care,Health Care Distributors,19875000000,75.82,81.57,49.09,0.03,0.11,,15.19,4.97,0.03,-2.53,0.4,0.3
CARR,Carrier Global,Industrials,Building Products,35599632000,42.57,48.48,33.1,0.02,1.81,4.7,17.68,2.37,0.08,0.28,0,0.33
CAT,Caterpillar Inc.,Industrials,Construction Machinery & Heavy Trucks,1.30E+11,249.71,260.5,160.6,0.02,2.36,8.19,19.35,12.7,0.08,0.42,0.32,0.33
CB,Chubb Limited,Financials,Property & Casualty Insurance,91489472000,220.43,230.27,173.78,0.02,2.24,1.91,14.62,15,0.03,0.12,0.3,0.26
CBOE,Cboe Global Markets,Financials,Financial Exchanges & Data,12973829000,122.3,130.54,103.82,0.02,3.4,3.94,17.88,6.84,0.1,0.21,4.32,0.29
CBRE,CBRE Group,Real Estate,Real Estate Services,26631342000,84.29,106.6,66.31,0,0.9,3.05,12.75,6.54,0.1,0.24,1.12,0.34
CCI,Crown Castle,Real Estate,Specialized REITs,64143072000,148.12,199.97,121.71,0.04,9.35,8.19,19.92,3.72,0.04,0.2,0.62,0.29
CCL,Carnival,Consumer Discretionary,"Hotels, Resorts & Cruise Lines",11650042000,10.47,23.86,6.11,0,0.93,1.59,0,-4.72,-0.11,-0.65,-0.31,0.73
CDAY,Ceridian,Information Technology,Application Software,10595025000,69.75,81.07,43.23,0,8.96,5.02,0,-0.34,-0.01,-0.02,0.45,0.55
CDNS,Cadence Design Systems,Information Technology,Application Software,48899568000,178.26,194.97,132.32,0,14.34,17.42,52.75,3.26,0.2,0.33,0.65,0.39
CDW,CDW,Information Technology,Technology Distributors,26910316000,198.76,201.78,147.91,0.01,1.14,20.14,22.09,8.93,0.09,1.21,0.49,0.32
CE,Celanese,Materials,Specialty Chemicals,13183760000,121.59,165.48,86.71,0.02,1.39,2.39,6.02,19.38,0.14,0.42,0.58,0.37
CEG,Constellation Energy,Utilities,Multi-Utilities,27142496000,83,97.89,41.33,0.01,1.2,2.37,0,-0.59,0,-0.01,0,0.45
CF,CF Industries,Materials,Fertilizers & Agricultural Chemicals,16966424000,86.48,119.6,64.87,0.02,1.62,2.4,5.13,16.66,0.26,0.51,0.77,0.52
CFG,Citizens Financial Group,Financials,Regional Banks,20320178000,41.26,56.11,32.65,0.04,2.19,0.91,8.46,4.77,0.01,0.11,0.41,0.37
CHD,Church & Dwight,Consumer Staples,Household Products,20289816000,83.2,105.28,70.16,0.01,3.87,5.33,26.94,2.99,0.09,0.21,0.49,0.25
CHRW,C.H. Robinson,Industrials,Air Freight & Logistics,11011676000,93.55,121.23,86.57,0.03,0.47,6.85,11.26,8.24,0.15,0.55,0.76,0.33
CHTR,Charter Communications,Communication Services,Cable & Satellite,61663232000,396.11,621,297.66,0,1.26,4.84,12,32.01,0.04,0.36,0.78,0.38
CI,Cigna,Health Care,Managed Health Care,94277680000,308.36,340.11,213.16,0.01,0.55,2.1,13.48,23.04,0.05,0.16,3.39,0.29
CINF,Cincinnati Financial,Financials,Property & Casualty Insurance,16147514000,102.73,143.22,88.66,0.03,2.43,1.69,20.52,4.93,0.03,0.07,0.77,0.3
CL,Colgate-Palmolive,Consumer Staples,Household Products,63008544000,75.44,84.75,67.84,0.02,3.58,59.65,25.15,2.99,0.16,3.04,0.15,0.22
CLX,Clorox,Consumer Staples,Household Products,17589764000,142.56,182.34,120.5,0.03,2.43,34.77,36.5,3.83,0.08,0.83,0.19,0.3
CMA,Comerica,Financials,Diversified Banks,9052711000,69.13,102.09,62.83,0.04,2.45,1.91,8.25,7.55,0.01,0.21,0.14,0.38
CMCSA,Comcast,Communication Services,Cable & Satellite,1.70E+11,39.37,51.2,28.39,0.03,1.47,2.04,10.59,3.6,0.06,0.18,0.45,0.32
CME,CME Group,Financials,Financial Exchanges & Data,62973980000,175.06,256.94,166.54,0.02,12.68,2.22,22.57,7.72,0.01,0.1,0.3,0.27
CMG,Chipotle Mexican Grill,Consumer Discretionary,Restaurants,43111420000,1555.19,1754.56,1196.28,0,5.21,17.92,49.99,30.09,0.13,0.38,0.93,0.38
CMI,Cummins,Industrials,Industrial Machinery,33217732000,235.55,254.47,184.27,0.03,1.29,3.55,15.84,14.87,0.08,0.22,0.37,0.3
CMS,CMS Energy,Utilities,Multi-Utilities,17998528000,62.01,73.76,52.41,0.03,2.15,2.44,22.14,2.76,0.03,0.11,0.15,0.24
CNC,Centene Corporation,Health Care,Managed Health Care,43120700000,76.15,98.53,73.19,0,0.32,1.68,12.84,5.91,0.04,0.13,2.1,0.33
CNP,CenterPoint Energy,Utilities,Multi-Utilities,18955330000,30.11,33.5,25.03,0.02,2.14,2.07,20.74,1.46,0.03,0.11,0.11,0.25
COF,Capital One,Financials,Consumer Finance,39765404000,104.18,160.54,86.98,0.02,1.26,0.73,4.85,20.19,0.02,0.15,0.16,0.41
COO,CooperCompanies,Health Care,Health Care Supplies,16964452000,343.73,430.67,244.21,0,5.11,2.35,27.57,12.42,0.05,0.09,0.55,0.33
COP,ConocoPhillips,Energy,Oil & Gas Exploration & Production,1.52E+11,121.8,138.49,78.3,0.02,2.11,3.04,9.17,13.05,0.18,0.35,0.98,0.42
COST,Costco,Consumer Staples,Hypermarkets & Super Centers,2.13E+11,480.11,612.27,406.51,0.01,0.92,9.7,35.06,13.39,0.09,0.29,0.76,0.3
CPB,Campbell Soup Company,Consumer Staples,Packaged Foods & Meats,15584314000,52.04,57.78,41.72,0.03,1.83,4.53,17.64,2.97,0.07,0.26,0.09,0.26
CPRT,Copart,Industrials,Diversified Support Services,30225240000,63.48,67.79,51.1,0,8.37,6.04,27.83,2.22,0.2,0.24,1.42,0.34
CPT,Camden Property Trust,Real Estate,Residential REITs,12216630000,114.68,175.69,107.9,0.03,9.16,2.39,18.04,7.59,0.09,0.17,0.3,0.27
CRL,Charles River Laboratories,Health Care,Life Sciences Tools & Services,12372246000,243.17,349.84,181.36,0,3.3,4.51,21.95,10.64,0.08,0.21,1.11,0.43
CRM,Salesforce,Information Technology,Application Software,1.51E+11,151.25,234.49,126.34,0,5.53,2.47,77.06,1.9,0.02,0.03,2.16,0.44
CSCO,Cisco,Information Technology,Communications Equipment,1.92E+11,46.78,57.69,38.6,0.03,3.7,4.74,15.18,3.06,0.14,0.32,0.07,0.29
CSGP,CoStar Group,Industrials,Research & Consulting Services,31933298000,78.52,85.37,49,0,14.65,4.65,69.65,1.1,0.06,0.07,1.32,0.38
CSX,CSX,Industrials,Railroads,67298104000,32.01,38.63,25.8,0.01,4.78,5.15,17.24,1.83,0.1,0.3,0.13,0.3
CTAS,Cintas,Industrials,Diversified Support Services,44362208000,436.55,470.23,343.86,0.01,5.53,12.66,35.6,12.01,0.15,0.38,0.48,0.29
CTLT,Catalent,Health Care,Pharmaceuticals,8899220000,49.45,115.33,40.69,0,1.84,1.89,15.31,3.22,0.06,0.13,1.33,0.46
CTRA,Coterra,Energy,Oil & Gas Exploration & Production,20200524000,25.62,36.55,18.39,0.02,2.3,1.59,5.63,4.49,0.18,0.3,1.98,0.5
CTSH,Cognizant,Information Technology,IT Consulting & Other Services,32243404000,62.74,93.47,51.33,0.02,1.69,2.64,13.67,4.49,0.13,0.2,0.37,0.31
CTVA,Corteva,Materials,Fertilizers & Agricultural Chemicals,44555720000,62.36,68.43,43.74,0.01,2.65,1.77,24.21,2.57,0.05,0.07,0,0.33
CVS,CVS Health,Health Care,Health Care Services,1.14E+11,87,111.25,86.28,0.03,0.37,1.62,10.07,8.69,0.05,0.16,0.65,0.26
CVX,Chevron Corporation,Energy,Integrated Oil & Gas,3.50E+11,180.9,189.68,122.84,0.03,1.55,2.17,10.35,17.3,0.13,0.22,0.42,0.33
CZR,Caesars Entertainment,Consumer Discretionary,Casinos & Gaming,10196176000,47.52,89.8,31.31,0,0.96,2.51,0,-2.85,-0.02,-0.15,9.72,0.65
D,Dominion Energy,Utilities,Electric Utilities,52013024000,62.42,88.78,57.18,0.04,3.2,1.93,15.66,3.96,0.03,0.13,0.19,0.23
DAL,Delta Air Lines,Industrials,Airlines,25025568000,39.03,46.27,27.2,0,0.49,3.81,11.98,3.2,0.03,0.46,0.23,0.47
DD,DuPont,Materials,Specialty Chemicals,36747484000,73.97,84.08,49.52,0.02,2.19,1.43,20.22,3.6,0.04,0.07,-0.65,0.34
DE,John Deere,Industrials,Agricultural & Farm Machinery,1.22E+11,410.6,448.4,283.81,0.01,2.31,6.09,17.51,23.33,0.08,0.38,0.77,0.35
DFS,Discover Financial,Financials,Consumer Finance,29000210000,106.14,129.12,87.64,0.02,1.83,1.91,6.58,15.36,0.04,0.33,0.32,0.4
DG,Dollar General,Consumer Discretionary,General Merchandise Stores,51558632000,230.61,262.2,183.25,0.01,1.47,8.24,21.81,10.29,0.09,0.38,0.56,0.29
DGX,Quest Diagnostics,Health Care,Health Care Services,16562586000,145.43,158.34,120.4,0.02,3.51,2.64,12.89,11.27,0.1,0.21,0.44,0.27
DHI,D.R. Horton,Consumer Discretionary,Homebuilding,32552898000,94.48,97.32,59.25,0.01,0.95,1.62,5.56,16.54,0.21,0.33,1.38,0.43
DHR,Danaher Corporation,Health Care,Health Care Equipment,2.00E+11,274.4,303.82,233.71,0,6.47,4.35,25.14,10.77,0.1,0.18,0.74,0.32
DIS,Disney,Communication Services,Movies & Entertainment,1.89E+11,103.48,157.5,84.07,0,2.18,1.83,28.07,3.53,0.03,0.07,0.5,0.37
DISH,Dish Network,Communication Services,Cable & Satellite,7376813000,13.9,33.74,12.55,0,0.52,0.41,4.37,3.02,0.04,0.12,0.18,0.62
DLR,Digital Realty,Real Estate,Specialized REITs,30690098000,106.74,154.46,85.76,0.05,6.82,1.79,16,5.06,0.04,0.09,1.07,0.32
DLTR,Dollar Tree,Consumer Discretionary,General Merchandise Stores,33095648000,147.79,177.19,123.62,0,1.22,3.86,19.89,7.18,0.07,0.2,0.27,0.38
DOV,Dover Corporation,Industrials,Industrial Machinery,19556926000,139.34,175.1,114.49,0.01,2.41,4.78,16.82,8.08,0.11,0.28,0.16,0.29
DOW,Dow Inc.,Materials,Commodity Chemicals,40423916000,57.44,71.86,42.91,0.05,0.71,2.14,7.16,7.91,0.09,0.31,0.14,0.33
DPZ,Domino's,Consumer Discretionary,Restaurants,12320265000,348.04,463.72,299.41,0.01,2.81,,28.22,12.36,0.27,-0.11,0.76,0.36
DRI,Darden Restaurants,Consumer Discretionary,Restaurants,17936884000,147.38,152.08,110.96,0.03,1.84,8.76,20.05,7.25,0.09,0.43,0.34,0.35
DTE,DTE Energy,Utilities,Multi-Utilities,22080778000,113.97,140.23,100.64,0.03,1.14,2.43,19.27,5.84,0.03,0.13,0.41,0.23
DUK,Duke Energy,Utilities,Electric Utilities,78407816000,101.82,116.33,83.76,0.04,2.8,1.56,19.76,5.16,0.02,0.08,0.1,0.22
DVA,DaVita Inc.,Health Care,Health Care Facilities,7236831000,80.32,124.81,65.28,0,0.68,10.21,10.78,7.38,0.04,0.86,-0.21,0.37
DVN,Devon Energy,Energy,Oil & Gas Exploration & Production,42327076000,64.75,79.4,42.87,0.01,2.22,3.81,7.97,8.04,0.24,0.53,0,0.55
DXC,DXC Technology,Information Technology,IT Consulting & Other Services,6533846000,28.4,39.65,22.65,0,0.4,1.31,8.64,3.26,0.04,0.16,1.14,0.49
DXCM,Dexcom,Health Care,Health Care Equipment,41661788000,107.86,134.76,66.89,0,15.47,22.48,151.71,0.7,0.06,0.13,3.27,0.52
EA,Electronic Arts,Communication Services,Interactive Home Entertainment,34783316000,125.99,142.79,109.24,0.01,4.89,4.41,27.8,4.45,0.09,0.16,0.44,0.32
EBAY,eBay,Consumer Discretionary,Internet & Direct Marketing Retail,25320468000,46.66,60.65,35.92,0.02,2.72,5.16,13.39,3.4,0.09,0.29,0.16,0.4
ECL,Ecolab,Materials,Specialty Chemicals,43544504000,152.88,193.42,131.04,0.01,3.17,5.97,33.02,4.5,0.06,0.18,-0.03,0.31
ED,Consolidated Edison,Utilities,Electric Utilities,33282602000,93.79,102.21,78.1,0.03,2.22,1.56,19.51,4.74,0.03,0.08,0.13,0.23
EFX,Equifax,Industrials,Research & Consulting Services,27266832000,222.69,245.27,145.98,0.01,5.31,7.05,27.6,7.88,0.09,0.26,0.57,0.36
EIX,Edison International,Utilities,Electric Utilities,25482520000,66.73,73.32,54.45,0.04,1.54,1.64,14.12,4.65,0.02,0.12,0.26,0.26
EL,The Estée Lauder Companies,Consumer Staples,Personal Products,95468624000,267.56,324.7,186.47,0.01,5.22,16.78,38.73,6.7,0.12,0.41,0.5,0.37
ELV,Elevance Health,Health Care,Managed Health Care,1.15E+11,479.49,549.52,420.73,0.01,0.76,3.2,16.58,28.96,0.07,0.2,0.63,0.28
EMN,Eastman Chemical Company,Materials,Diversified Chemicals,10777501000,89.82,124.85,69.91,0.04,1.06,1.91,9.95,8.75,0.07,0.2,0.16,0.34
EMR,Emerson Electric,Industrials,Electrical Components & Equipment,51658792000,87.35,100,72.4,0.02,2.62,3.15,16.55,5.25,0.1,0.23,0.29,0.28
ENPH,Enphase,Information Technology,Electronic Components,30248524000,222.54,339.92,113.4,0,15.83,49.68,89.91,2.48,0.15,0.77,3.28,0.72
EOG,EOG Resources,Energy,Oil & Gas Exploration & Production,77976024000,132.75,150.88,92.16,0.02,2.69,3.23,9.7,13.54,0.21,0.35,1.44,0.45
EPAM,EPAM Systems,Information Technology,IT Consulting & Other Services,19843136000,345.02,496.4,168.59,0,4.34,6.99,34.46,9.75,0.16,0.22,2.24,0.63
EQIX,Equinix,Real Estate,Specialized REITs,66632916000,720.06,776.35,494.89,0.02,9.27,5.74,24.49,7.65,0.02,0.06,0.84,0.33
EQR,Equity Residential,Real Estate,Residential REITs,23177772000,61.33,94.32,57.38,0.04,8.91,2.04,17.86,3.04,0.06,0.1,0.02,0.27
EQT,EQT,Energy,Oil & Gas Exploration & Production,12461211000,33.95,51.97,19.2,0.02,1.03,1.29,10.98,3.09,0.06,0.14,0.91,0.6
ES,Eversource,Utilities,Multi-Utilities,27774000000,79.74,94.63,70.54,0.03,2.35,1.81,19.55,4.08,0.03,0.09,0.29,0.25
ESS,Essex Property Trust,Real Estate,Residential REITs,13999165000,216.19,363.36,205.24,0.04,9.02,2.38,15.45,4.47,0.02,0.05,0.11,0.28
ETN,Eaton Corporation,Industrials,Electrical Components & Equipment,61846324000,155.51,167.51,122.5,0.02,3.09,3.75,21,7.23,0.08,0.18,-0.01,0.29
ETR,Entergy,Utilities,Electric Utilities,21862320000,107.44,126.82,94.94,0.04,1.66,1.8,15.97,6.7,0.02,0.12,0.08,0.24
ETSY,Etsy,Consumer Discretionary,Internet & Direct Marketing Retail,16568194000,131.82,163.84,67.01,0,7.06,,46.06,2.8,0.12,1.23,5.38,0.73
EVRG,Evergy,Utilities,Electric Utilities,13689526000,59.64,73.13,54.12,0.04,2.41,1.41,16.41,3.61,0.03,0.09,1.18,0.25
EW,Edwards Lifesciences,Health Care,Health Care Equipment,49021836000,79.29,131.1,67.13,0,9.29,7.8,33.39,2.35,0.17,0.25,0.77,0.37
EXC,Exelon,Utilities,Multi-Utilities,42075036000,42.34,50.71,35.19,0.03,1.12,1.7,15.4,2.73,0.03,0.1,0.16,0.26
EXPD,Expeditors International,Industrials,Air Freight & Logistics,16984586000,106.73,118.75,86.08,0.01,0.94,5.07,11.08,9.52,0.22,0.44,1.71,0.31
EXPE,Expedia Group,Consumer Discretionary,Internet & Direct Marketing Retail,17372928000,111.3,217.72,82.39,0,1.57,4.5,22.73,4.71,0.04,0.24,-0.02,0.54
EXR,Extra Space Storage,Real Estate,Specialized REITs,20210168000,150.91,222.35,139.97,0.04,11.56,4.94,18.16,6.89,0.09,0.24,0.59,0.31
F,Ford Motor Company,Consumer Discretionary,Automobile Manufacturers,49854124000,12.4,21.05,10.61,0.05,0.33,1.16,7.52,1.62,0.03,0.15,-0.1,0.48
FANG,Diamondback Energy,Energy,Oil & Gas Exploration & Production,25968652000,147.55,168.95,103.71,0.02,2.72,1.74,6.54,22.38,0.17,0.28,11.89,0.51
FAST,Fastenal,Industrials,Building Products,28065240000,49,60.74,43.73,0.03,3.84,8.47,24.63,1.87,0.24,0.34,0.59,0.3
FCX,Freeport-McMoRan,Materials,Copper,64905740000,45.41,51.99,24.8,0.01,2.86,2.61,15.38,2.87,0.09,0.18,0.54,0.53
FDS,FactSet,Financials,Financial Exchanges & Data,16209664000,423.76,474.13,345.92,0.01,8.74,10.94,29.78,14.15,0.15,0.42,0.51,0.28
FDX,FedEx,Industrials,Air Freight & Logistics,47167956000,186.88,256.49,141.92,0.02,0.5,1.93,10.19,18.08,0.06,0.19,0.55,0.37
FE,FirstEnergy,Utilities,Electric Utilities,24127978000,42.2,48.85,35.32,0.04,2,2.13,17.24,2.43,0.03,0.14,-0.24,0.23
FFIV,"F5, Inc.",Information Technology,Communications Equipment,8732374000,144.65,227.24,133.68,0,3.16,3.4,20.25,6.96,0.08,0.18,0.29,0.36
FIS,FIS,Information Technology,Data Processing & Outsourced Services,43862576000,73.92,122.06,56.53,0.03,3.12,0.95,10.35,6.86,0.05,0.09,0.5,0.37
FISV,Fiserv,Information Technology,Data Processing & Outsourced Services,66074664000,104.05,110.94,87.03,0,3.92,2.09,16.59,6.16,0.05,0.13,1.95,0.31
FITB,Fifth Third Bank,Financials,Regional Banks,23756164000,34.61,50.13,30.92,0.04,2.47,1.52,9.75,3.34,0.01,0.15,0.21,0.35
FLT,Fleetcor,Information Technology,Data Processing & Outsourced Services,14655259000,198.71,265.3,161.69,0,4.67,6.49,13.24,14.55,0.08,0.43,0.55,0.35
FMC,FMC Corporation,Materials,Fertilizers & Agricultural Chemicals,16148841000,128.2,140.99,98.24,0.02,2.91,4.98,17.58,7.2,0.08,0.29,0.54,0.32
FOX,Fox Corporation (Class B),Communication Services,Movies & Entertainment,16123438000,29.71,40.91,26.35,0.02,1.14,1.38,10.18,2.89,0.07,0.14,0.41,0.35
FOXA,Fox Corporation (Class A),Communication Services,Movies & Entertainment,17127422000,31.56,44.95,28.01,0.02,1.22,1.47,10.83,2.89,0.07,0.14,0.41,0.34
FRC,First Republic Bank,Financials,Regional Banks,24464328000,136.18,181.75,106.86,0.01,3.48,1.7,15.88,8.25,0.01,0.13,1.32,0.35
FRT,Federal Realty,Real Estate,Retail REITs,8742148000,107.65,128.64,86.43,0.04,8.16,3.05,17.15,4.71,0.05,0.15,0.19,0.29
FSLR,First Solar,Information Technology,Semiconductors,17895948000,167.87,185.28,59.6,0,7.09,3.02,187.51,0.88,0.01,0.02,-0.01,0.53
FTNT,Fortinet,Information Technology,Systems Software,38491500000,49.27,71.52,42.61,0,9.81,,58.91,0.82,0.12,91.83,1.62,0.5
FTV,Fortive,Industrials,Industrial Machinery,23156732000,65.45,72.15,52.47,0,4.18,2.45,21.28,3.06,0.07,0.12,-0.16,0.3
GD,General Dynamics,Industrials,Aerospace & Defense,63912260000,232.79,256.86,200.65,0.02,1.67,3.6,19.28,12.01,0.07,0.19,0.23,0.25
GE,General Electric,Industrials,Industrial Conglomerates,84878448000,77.68,81.18,46.55,0,1.14,2.56,33.56,2.29,0.01,0.07,-0.4,0.37
GEHC,GE HealthCare,Health Care,Health Care Technology,30360984000,66.77,69.91,53,0,1.69,1.72,,,,,,0.34
GEN,Gen Digital,Information Technology,Application Software,14610005000,22.43,30.92,20.12,0.02,5.11,7.38,12.76,1.72,0.11,3.35,-0.3,0.3
GILD,Gilead Sciences,Health Care,Biotechnology,1.04E+11,83.01,89.74,57.17,0.04,3.86,4.98,13.29,6.29,0.12,0.39,-0.1,0.26
GIS,General Mills,Consumer Staples,Packaged Foods & Meats,45671272000,77.46,88.34,61.67,0.03,2.4,4.4,18.57,4.17,0.08,0.24,0.22,0.23
GL,Globe Life,Financials,Life & Health Insurance,11421442000,117.42,123.85,87.87,0.01,2.25,2.62,15.4,7.62,0.03,0.12,0.3,0.26
GLW,Corning Inc.,Information Technology,Electronic Components,30313864000,35.84,43.47,28.98,0.03,2.13,2.62,16.55,2.16,0.06,0.15,0.5,0.32
GM,General Motors,Consumer Discretionary,Automobile Manufacturers,50221640000,35.35,55.55,30.33,0.01,0.35,0.73,5.23,6.83,0.04,0.15,-0.24,0.45
GNRC,Generac,Industrials,Electrical Components & Equipment,6873491000,108.49,329.5,86.29,0,1.53,2.9,11.28,9.34,0.12,0.26,1.59,0.6
GOOG,Alphabet Inc. (Class C),Communication Services,Interactive Media & Services,1.28E+12,99.28,152.1,83.45,0,4.67,4.79,18.65,5.03,0.19,0.26,1.85,0.36
GOOGL,Alphabet Inc. (Class A),Communication Services,Interactive Media & Services,1.27E+12,98.02,151.55,83.34,0,4.62,4.75,18.48,5.03,0.19,0.26,1.85,0.36
GPC,Genuine Parts Company,Consumer Discretionary,Specialty Stores,22831380000,161.74,187.73,115.63,0.02,1.08,6.19,19.97,8.08,0.07,0.32,0.23,0.27
GPN,Global Payments,Information Technology,Data Processing & Outsourced Services,30268688000,111.94,152.99,92.27,0.01,3.53,1.28,12.63,8.6,0.05,0.1,0,0.38
GRMN,Garmin,Consumer Discretionary,Consumer Electronics,18562658000,96.85,129.07,76.37,0.03,3.79,3.11,17.85,5.34,0.13,0.17,0.65,0.32
GS,Goldman Sachs,Financials,Investment Banking & Brokerage,1.16E+11,341.84,389.58,277.84,0.03,1.73,1.02,11.67,37.55,0.01,0.1,0.48,0.32
GWW,W. W. Grainger,Industrials,Industrial Machinery,28308362000,560.24,612.06,440.48,0.01,1.95,10.8,19.58,27.97,0.21,0.6,0.28,0.29
HAL,Halliburton,Energy,Oil & Gas Equipment & Services,36948432000,40.69,43.99,23.3,0.01,1.94,4.77,22.33,1.8,0.07,0.23,-0.04,0.51
HAS,Hasbro,Consumer Discretionary,Leisure Products,8745378000,63.32,105.13,54.65,0.04,1.41,2.83,14.15,4.35,0.06,0.2,0.28,0.35
HBAN,Huntington Bancshares,Financials,Regional Banks,20356976000,14.11,16.51,11.67,0.04,2.85,1.35,9.8,1.43,0.01,0.14,0.68,0.33
HCA,HCA Healthcare,Health Care,Health Care Facilities,73902224000,261.4,279.02,164.47,0.01,1.32,,15.41,16.68,0.1,0,0.42,0.35
HD,Home Depot (The),Consumer Discretionary,Home Improvement Retail,3.22E+11,315,374.67,264.51,0.02,2.11,245.19,18.74,16.59,0.23,-36.57,0.6,0.31
HES,Hess Corporation,Energy,Integrated Oil & Gas,47726080000,154.8,156.98,83.56,0.01,4.52,5.79,24.85,6.19,0.09,0.26,0.59,0.46
HIG,Hartford (The),Financials,Property & Casualty Insurance,23873330000,75.05,79.44,60.17,0.02,1.16,1.87,10.22,7.27,0.03,0.17,0.22,0.29
HII,Huntington Ingalls Industries,Industrials,Aerospace & Defense,8703061000,218.1,260.02,177.2,0.02,0.83,2.85,15.15,14.37,0.05,0.2,0.35,0.3
HLT,Hilton Worldwide,Consumer Discretionary,"Hotels, Resorts & Cruise Lines",37517656000,138.72,167.99,108.41,0,4.75,,33.51,4.03,0.07,-1.4,-0.5,0.38
HOLX,Hologic,Health Care,Health Care Equipment,19583136000,79.66,81.97,59.78,0,3.98,4.03,13.1,6.01,0.16,0.32,0.59,0.29
HON,Honeywell,Industrials,Industrial Conglomerates,1.36E+11,202.03,220.96,166.63,0.02,3.98,7.36,24.03,8.35,0.09,0.31,-0.12,0.27
HPE,Hewlett Packard Enterprise,Information Technology,"Technology Hardware, Storage & Peripherals",20444982000,15.95,17.76,11.9,0.03,0.71,1.02,23.95,0.66,0.02,0.04,-0.01,0.35
HPQ,HP Inc.,Information Technology,"Technology Hardware, Storage & Peripherals",27411696000,27.91,41.47,24.08,0.04,0.42,,6.62,4.07,0.11,-1.81,0.21,0.4
HRL,Hormel Foods,Consumer Staples,Packaged Foods & Meats,24359582000,44.58,55.11,44.08,0.02,1.95,3.22,24.3,1.83,0.08,0.14,0.36,0.24
HSIC,Henry Schein,Health Care,Health Care Distributors,10960411000,80.86,92.68,64.75,0,0.89,2.56,17.14,4.68,0.08,0.15,0.07,0.29
HST,Host Hotels & Resorts,Real Estate,Hotel & Resort REITs,12591644000,17.61,21.63,15.1,0.03,2.72,1.79,10.41,1.13,0.07,0.12,-0.47,0.39
HSY,Hershey's,Consumer Staples,Packaged Foods & Meats,43994404000,214.52,242.63,191,0.02,4.4,14.38,26.39,8.19,0.16,0.58,0.21,0.22
HUM,Humana,Health Care,Managed Health Care,62958176000,497.3,571.3,363.73,0.01,0.69,3.82,19.8,24.83,0.07,0.2,0.53,0.29
HWM,Howmet Aerospace,Industrials,Aerospace & Defense,16010655000,38.7,41.02,29.35,0,3.02,4.94,29.11,1.32,0.06,0.17,-0.6,0.38
IBM,IBM,Information Technology,IT Consulting & Other Services,1.28E+11,141.2,153.21,115.54,0.05,2.11,6.31,15.85,8.87,0.06,0.42,-0.28,0.26
ICE,Intercontinental Exchange,Financials,Financial Exchanges & Data,60591724000,108.48,137.4,88.6,0.01,6.36,2.66,19.8,5.4,0.01,0.13,0.59,0.28
IDXX,Idexx Laboratories,Health Care,Health Care Equipment,40487576000,488.88,574.33,317.06,0,12.47,82.67,60.37,7.87,0.26,1.18,0.81,0.42
IEX,IDEX Corporation,Industrials,Industrial Machinery,17437332000,231.2,246.23,172.18,0.01,5.71,6.09,29.53,7.67,0.12,0.21,0.31,0.29
IFF,International Flavors & Fragrances,Materials,Specialty Chemicals,28647530000,112.36,143.14,83.14,0.03,2.27,1.69,19.73,5.69,0.04,0.07,2.74,0.33
ILMN,Illumina,Health Care,Life Sciences Tools & Services,32150548000,204.39,371.16,173.45,0,6.83,4.59,71.93,2.73,0.03,0.04,0.89,0.52
INCY,Incyte,Health Care,Biotechnology,18509920000,83.2,84.86,65.07,0,5.58,4.42,51.78,1.62,0.07,0.09,1.7,0.34
INTC,Intel,Information Technology,Semiconductors,1.21E+11,29.22,52.72,24.59,0.05,1.73,1.17,10.01,2.84,0.07,0.12,0.33,0.38
INTU,Intuit,Information Technology,Application Software,1.12E+11,398.07,579.96,339.36,0.01,8.36,6.62,46.4,8.16,0.08,0.14,1.46,0.43
INVH,Invitation Homes,Real Estate,Residential REITs,19277756000,31.53,44.36,28.52,0.03,8.8,1.83,18.98,0.6,0.02,0.04,1.16,0.31
IP,International Paper,Materials,Paper Packaging,13348295000,37.53,50.23,30.69,0.05,0.66,1.37,9.66,3.79,0.06,0.15,-0.08,0.3
IPG,The Interpublic Group of Companies,Communication Services,Advertising,14084031000,36.25,39.98,25.14,0.03,1.32,3.97,13.84,2.55,0.06,0.29,0.31,0.35
IQV,IQVIA,Health Care,Life Sciences Tools & Services,41533324000,223.61,256.62,165.75,0,3,7.72,24.06,9.24,0.07,0.31,1.02,0.35
IR,Ingersoll Rand,Industrials,Industrial Machinery,22412652000,55.35,57.77,39.28,0,3.98,2.47,25.06,2.15,0.06,0.1,1.66,0.36
IRM,Iron Mountain,Real Estate,Specialized REITs,15064799000,51.82,58.61,41.67,0.05,3.04,27.83,14.35,1.75,0.03,0.73,0.28,0.33
ISRG,Intuitive Surgical,Health Care,Health Care Equipment,90738672000,256.77,308.97,180.07,0,15.31,7.71,66.62,3.79,0.1,0.12,1.11,0.4
IT,Gartner,Information Technology,IT Consulting & Other Services,26311830000,332.96,358.25,221.39,0,5.17,,30.67,10.58,0.13,12.34,0.94,0.38
ITW,Illinois Tool Works,Industrials,Industrial Machinery,69510048000,226.28,247,173.52,0.02,4.52,22.52,25.17,8.78,0.17,0.81,0.06,0.26
IVZ,Invesco,Financials,Asset Management & Custody Banks,8627271000,18.97,24.31,13.2,0.04,1.37,0.73,8.64,2.15,0.04,0.1,0.46,0.41
J,Jacobs Solutions,Industrials,Construction & Engineering,15200916000,120.06,150.32,106.78,0.01,1.01,2.48,17.1,6.94,0.06,0.15,0.49,0.3
JBHT,J.B. Hunt,Industrials,Trucking,19578848000,189.1,218.18,153.92,0.01,1.29,5.22,20.09,9.56,0.13,0.28,1.06,0.34
JCI,Johnson Controls,Industrials,Building Products,45356800000,66.05,75.2,45.52,0.02,1.76,2.57,21.54,3.01,0.05,0.12,-0.16,0.32
JKHY,Jack Henry & Associates,Information Technology,Data Processing & Outsourced Services,13047656000,178.86,212.62,155.44,0.01,6.64,8.83,35.23,5.02,0.15,0.27,0.36,0.28
JNJ,Johnson & Johnson,Health Care,Pharmaceuticals,4.41E+11,168.74,186.69,155.72,0.03,4.69,5.94,17.06,9.94,0.15,0.35,0.3,0.19
JNPR,Juniper Networks,Information Technology,Communications Equipment,10210531000,31.46,38.14,25.18,0.03,2.02,2.35,23.83,1.32,0.05,0.1,-0.05,0.33
JPM,JPMorgan Chase,Financials,Diversified Banks,3.96E+11,135.08,159.03,101.28,0.03,2.55,1.49,11.15,12.08,0.01,0.15,0.36,0.3
K,Kellogg's,Consumer Staples,Packaged Foods & Meats,23036468000,67.5,77.17,59.54,0.04,1.56,4.85,16.34,4.12,0.08,0.32,0.09,0.23
KDP,Keurig Dr Pepper,Consumer Staples,Soft Drinks,49158072000,34.71,41.31,33.35,0.02,3.63,1.94,21.08,1.63,0.05,0.09,0.97,0.23
KEY,KeyCorp,Financials,Regional Banks,16270996000,17.44,27.1,15.26,0.05,1.89,1.4,8.57,2.18,0.01,0.15,0.18,0.35
KEYS,Keysight,Information Technology,Electronic Equipment & Instruments,31989998000,178.92,189.45,127.93,0,5.83,7.59,25.21,7.01,0.16,0.33,0.7,0.33
KHC,Kraft Heinz,Consumer Staples,Packaged Foods & Meats,48850208000,39.88,44.87,32.73,0.04,1.91,1.02,14.72,2.72,0.04,0.07,-0.02,0.27
KIM,Kimco Realty,Real Estate,Retail REITs,13259804000,21.44,26.57,17.71,0.04,7.75,1.33,13.3,0.37,0.01,0.03,0.17,0.32
KLAC,KLA Corporation,Information Technology,Semiconductor Equipment,58649996000,413.85,428.56,250.2,0.01,6.19,27.11,17.05,23.59,0.28,1.2,1.65,0.46
KMB,Kimberly-Clark,Consumer Staples,Household Products,45605296000,135.13,144.57,108.74,0.03,2.27,76.51,24.52,5.39,0.1,2.5,0.07,0.22
KMI,Kinder Morgan,Energy,Oil & Gas Storage & Transportation,41897908000,18.64,20.2,15.77,0.06,2.2,1.31,16.3,1.11,0.04,0.08,0.4,0.28
KMX,CarMax,Consumer Discretionary,Automotive Retail,10442160000,66.08,114.43,52.1,0,0.31,1.79,17.42,3.57,0.02,0.11,1.01,0.49
KO,The Coca-Cola Company,Consumer Staples,Soft Drinks,2.60E+11,60.08,67.2,54.01,0.03,6.17,10.57,24.08,2.48,0.12,0.43,-0.08,0.21
KR,Kroger,Consumer Staples,Food Retail,31818290000,44.45,62.78,41.81,0.02,0.23,3.17,10.63,4.14,0.06,0.32,0.2,0.34
L,Loews Corporation,Financials,Multi-line Insurance,13998696000,58.96,68.2,49.36,0,1.05,0.94,12.96,4.48,0.01,0.07,0.12,0.27
LDOS,Leidos,Industrials,Diversified Support Services,13130441000,96.06,111.12,81.07,0.02,0.94,3.12,14.96,6.32,0.07,0.21,0.95,0.29
LEN,Lennar,Consumer Discretionary,Homebuilding,28152938000,96.69,101.27,62.54,0.02,0.83,1.15,5.44,17.59,0.15,0.23,1.66,0.43
LH,LabCorp,Health Care,Health Care Services,22645272000,255.59,290.2,200.32,0.01,1.56,2.32,11.22,22.52,0.1,0.2,0.67,0.29
LHX,L3Harris,Industrials,Aerospace & Defense,36654476000,192.51,279.71,189.73,0.02,2.23,1.98,14.83,12.91,0.07,0.13,2.02,0.29
LIN,Linde plc,Materials,Industrial Gases,1.62E+11,328.62,347.6,262.47,0.01,4.95,4.12,27.27,11.9,0.08,0.14,1.92,0.29
LKQ,LKQ Corporation,Consumer Discretionary,Distributors,14951112000,55.96,58.85,42.36,0.02,1.22,2.79,14,3.93,0.09,0.2,0.52,0.34
LLY,Eli Lilly and Company,Health Care,Pharmaceuticals,3.29E+11,346.07,375.25,231.87,0.01,10.74,32.81,42.1,8.34,0.16,0.81,0.33,0.31
LMT,Lockheed Martin,Industrials,Aerospace & Defense,1.16E+11,443.28,498.95,365.34,0.03,1.84,9.62,16.35,26.87,0.14,0.65,0.42,0.26
LNC,Lincoln Financial,Financials,Multi-line Insurance,5372576000,31.75,76.4,28.61,0.06,0.29,2.3,0,-4.78,0,-0.07,0.44,0.44
LNT,Alliant Energy,Utilities,Electric Utilities,13527575000,53.89,65.37,47.19,0.03,3.32,2.13,19.85,2.68,0.04,0.11,0.11,0.25
LOW,Lowe's,Consumer Discretionary,Home Improvement Retail,1.27E+11,204.53,240.71,170.12,0.02,1.3,,15.28,13.23,0.18,-1.04,0.48,0.35
LRCX,Lam Research,Information Technology,Semiconductor Equipment,64439072000,472.5,623.24,299.59,0.01,3.59,8.35,12.9,35.18,0.28,0.75,1.15,0.48
LUMN,Lumen Technologies,Communication Services,Alternative Carriers,5400523000,5.22,12.93,4.96,0,0.29,0.41,3.09,1.63,0.03,0.14,0.13,0.48
LUV,Southwest Airlines,Industrials,Airlines,22004450000,37.06,50.1,30.2,0.02,1.04,1.98,22.5,1.62,0.03,0.1,-0.23,0.42
LVS,Las Vegas Sands,Consumer Discretionary,Casinos & Gaming,41700540000,54.57,55.9,28.88,0,10.42,10.99,0,-1.23,-0.04,-0.25,-0.63,0.52
LW,Lamb Weston,Consumer Staples,Packaged Foods & Meats,13892184000,96.56,100.77,49.71,0.01,3.36,24.01,28.05,3.41,0.12,1.08,0.29,0.33
LYB,LyondellBasell,Materials,Specialty Chemicals,30055096000,92.3,117.22,71.46,0.05,0.57,2.41,6.11,14.78,0.13,0.4,0.58,0.35
LYV,Live Nation Entertainment,Communication Services,Movies & Entertainment,17341398000,75.11,126.79,65.05,0,1.17,42.42,104.6,0.7,0.02,12.23,-0.25,0.49
MA,Mastercard,Information Technology,Data Processing & Outsourced Services,3.62E+11,376.28,399.92,276.87,0.01,16.99,55.08,35.55,10.35,0.27,1.49,0.75,0.33
MAA,Mid-America Apartment Communities,Real Estate,Residential REITs,17952054000,155.46,217.64,141.13,0.04,9.48,2.91,19.22,5.62,0.06,0.11,0.58,0.28
MAR,Marriott International,Consumer Discretionary,"Hotels, Resorts & Cruise Lines",52833696000,166.91,195.9,131.01,0.01,2.84,47.95,26.66,6.04,0.08,1.32,-0.19,0.37
MAS,Masco,Industrials,Building Products,11308024000,50.14,65.11,42.33,0.02,1.35,,12.9,3.74,0.16,-3.32,0.14,0.34
MCD,McDonald's,Consumer Discretionary,Restaurants,1.97E+11,268.58,281.67,217.68,0.02,8.6,,27.06,9.74,0.14,-1.23,-0.06,0.21
MCHP,Microchip Technology,Information Technology,Semiconductors,40480660000,73.6,80.5,54.33,0.02,5.79,6.47,14.18,5.06,0.18,0.48,1,0.43
MCK,McKesson,Health Care,Health Care Distributors,53603420000,378.04,401.78,237.61,0.01,0.2,,15.87,23.87,0.06,-2.67,0.33,0.29
MCO,Moody's Corporation,Financials,Financial Exchanges & Data,58710104000,320.47,354.81,230.16,0.01,10.4,23.59,33.69,9.29,0.12,0.66,0.73,0.32
MDLZ,Mondelez International,Consumer Staples,Packaged Foods & Meats,87454240000,64.04,68.91,54.72,0.02,2.93,3.27,21.57,2.96,0.06,0.15,0.11,0.23
MDT,Medtronic,Health Care,Health Care Equipment,1.08E+11,80.91,114.31,75.76,0.03,3.34,2.03,14.95,5.32,0.08,0.14,0.07,0.26
MET,MetLife,Financials,Life & Health Insurance,55071500000,70.19,77.36,57.41,0.03,0.81,2.23,9.31,7.46,0.01,0.14,0.12,0.3
META,Meta Platforms,Communication Services,Interactive Media & Services,3.70E+11,139.37,328,88.09,0,3.23,2.91,12.98,10.49,0.17,0.23,3.27,0.54
MGM,MGM Resorts,Consumer Discretionary,Casinos & Gaming,14995980000,39.05,49,26.41,0,1.35,2.58,0,-1.23,-0.01,-0.05,0.02,0.48
MHK,Mohawk Industries,Consumer Discretionary,Home Furnishings,7280996000,114.6,160.97,87.01,0,0.63,0.9,7.69,14.48,0.07,0.11,0.25,0.45
MKC,McCormick & Company,Consumer Staples,Packaged Foods & Meats,20769952000,77.44,107.35,71.19,0.02,3.28,4.46,29.03,2.64,0.06,0.16,0.43,0.25
MKTX,MarketAxess,Financials,Financial Exchanges & Data,12645280000,335.98,390.13,217.44,0.01,17.98,12.09,50.64,6.46,0.15,0.24,0.89,0.39
MLM,Martin Marietta Materials,Materials,Construction Materials,21588416000,347.69,406.85,284.99,0.01,3.52,3.07,28.15,12.19,0.05,0.11,0.42,0.34
MMC,Marsh McLennan,Financials,Insurance Brokers,85869080000,173.12,183.14,142.8,0.01,4.22,8.59,25.2,6.73,0.1,0.32,0.5,0.25
MMM,3M,Industrials,Industrial Conglomerates,66688440000,120.65,175.25,107.07,0.05,1.99,4.62,11.69,10.13,0.13,0.4,0.17,0.29
MNST,Monster Beverage,Consumer Staples,Soft Drinks,52174400000,100,104.65,71.78,0,8.6,7.72,44.19,2.26,0.15,0.18,0.82,0.31
MO,Altria,Consumer Staples,Tobacco,80540248000,44.94,57.05,40.35,0.08,3.94,,9.38,4.75,0.23,-3.46,0.01,0.25
MOH,Molina Healthcare,Health Care,Managed Health Care,17371082000,297.45,374,249.78,0,0.56,5.72,17.86,16.69,0.08,0.35,0.56,0.34
MOS,The Mosaic Company,Materials,Fertilizers & Agricultural Chemicals,16346491000,48.01,79.28,37.08,0.01,0.95,1.36,4.16,11.22,0.18,0.35,0.73,0.58
MPC,Marathon Petroleum,Energy,Oil & Gas Refining & Marketing,58920064000,125.72,128.82,67.49,0.02,0.4,1.76,5.81,21.21,0.12,0.35,0.89,0.39
MPWR,Monolithic Power Systems,Information Technology,Semiconductors,18672588000,397.78,541.39,301.69,0.01,11.5,11.72,46.18,8.3,0.23,0.29,2.11,0.53
MRK,Merck & Co.,Health Care,Pharmaceuticals,2.79E+11,109.94,115.49,72.88,0.03,4.73,6.25,14.35,7.66,0.18,0.47,0.22,0.23
MRNA,Moderna,Health Care,Biotechnology,74523232000,193.98,217.25,115.03,0,3.96,4.21,6.89,27.64,0.45,0.7,169.41,0.7
MRO,Marathon Oil,Energy,Oil & Gas Exploration & Production,17652222000,27.88,33.42,17.01,0.01,2.62,1.73,6.3,4.35,0.17,0.28,0.39,0.56
MS,Morgan Stanley,Financials,Investment Banking & Brokerage,1.63E+11,96.24,109.73,72.05,0.03,2.41,1.73,14.85,7.11,0.01,0.12,0.41,0.34
MSCI,MSCI,Financials,Financial Exchanges & Data,40919308000,511.76,564.27,376.41,0.01,18.89,,44.59,11.12,0.18,-1.16,0.78,0.38
MSFT,Microsoft,Information Technology,Systems Software,1.79E+12,240.22,315.95,213.43,0.01,8.72,9.96,24.99,9.28,0.2,0.42,1.2,0.32
MSI,Motorola Solutions,Information Technology,Communications Equipment,42688600000,255.31,275.16,195.18,0.01,5.05,,28.53,8.85,0.13,-5.33,0.35,0.29
MTB,M&T Bank,Financials,Regional Banks,26528892000,153.69,193.42,138.43,0.03,3.09,1.14,10.81,13.16,0.01,0.11,0.43,0.34
MTCH,Match Group,Communication Services,Interactive Media & Services,14082608000,50.42,121.49,38.64,0,4.32,,41.6,1.15,0.08,-0.94,-0.05,0.59
MTD,Mettler Toledo,Health Care,Life Sciences Tools & Services,34812752000,1561.53,1583.4,1065.55,0,9.18,,39.99,37.97,0.26,19.29,0.48,0.35
MU,Micron Technology,Information Technology,Semiconductors,63790204000,58.46,96.5,48.43,0.01,2,1.25,9.78,5.76,0.1,0.13,0.51,0.48
NCLH,Norwegian Cruise Line Holdings,Consumer Discretionary,"Hotels, Resorts & Cruise Lines",6510568000,15.45,23.9,10.31,0,1.67,15.58,0,-5.77,-0.12,-1.8,-0.87,0.71
NDAQ,"Nasdaq, Inc.",Financials,Financial Exchanges & Data,30488838000,62.06,69.22,46.77,0.01,5.09,5.09,22.85,2.67,0.06,0.22,0.59,0.28
NDSN,Nordson Corporation,Industrials,Industrial Machinery,13364450000,233.82,247.08,194.89,0.01,5.04,5.69,24.22,9.43,0.14,0.25,0.25,0.28
NEE,NextEra Energy,Utilities,Multi-Utilities,1.63E+11,81.82,91.35,67.22,0.02,8.14,3.51,29.39,2.81,0.04,0.12,0.06,0.29
NEM,Newmont,Materials,Gold,42338040000,53.34,86.37,37.45,0.04,3.51,1.95,23.85,2.2,0.04,0.08,0.82,0.38
NFLX,Netflix,Communication Services,Movies & Entertainment,1.52E+11,342.5,458.48,162.71,0,4.44,6.85,31.74,11.16,0.1,0.24,1.7,0.56
NI,NiSource,Utilities,Multi-Utilities,11050906000,27.21,32.58,23.78,0.03,2.14,1.83,19.73,1.36,0.02,0.1,0.09,0.26
NKE,"Nike, Inc.",Consumer Discretionary,"Apparel, Accessories & Luxury Goods",1.96E+11,126.62,149.68,82.22,0.01,4.13,12.64,35.08,3.55,0.14,0.37,0.36,0.38
NOC,Northrop Grumman,Industrials,Aerospace & Defense,69377376000,450.76,556.27,364.62,0.02,2,4.88,18.39,24.05,0.09,0.28,0.46,0.3
NOW,ServiceNow,Information Technology,Systems Software,89249664000,441.83,621.41,337,0,13,19.13,293.45,1.46,0.03,0.07,3.24,0.5
NRG,NRG Energy,Utilities,Independent Power Producers & Energy Traders,7420669000,32.21,47.82,30.64,0.04,0.25,1.42,0,-0.1,0,-0.01,1.19,0.34
NSC,Norfolk Southern Railway,Industrials,Railroads,58725844000,253.66,291.55,203.65,0.02,4.9,4.44,18.37,13.6,0.08,0.24,0.13,0.3
NTAP,NetApp,Information Technology,"Technology Hardware, Storage & Peripherals",14113564000,65.47,92.4,58.08,0.03,2.2,11.57,14.09,4.58,0.11,1.15,0.14,0.36
NTRS,Northern Trust,Financials,Asset Management & Custody Banks,19457718000,93.36,127.89,76.15,0.03,2.43,1.82,12.78,7.34,0.01,0.15,0.36,0.33
NUE,Nucor,Materials,Steel,39371808000,153.47,187.9,88.5,0.01,0.96,2.06,4.74,31.81,0.29,0.51,1.25,0.47
NVDA,Nvidia,Information Technology,Semiconductors,4.44E+11,178.39,289.46,108.13,0,15.51,19.55,56.26,2.98,0.17,0.31,2.89,0.58
NVR,"NVR, Inc.",Consumer Discretionary,Homebuilding,16056374000,5024.07,5569.8,3576.01,0,1.8,5.24,11.01,447.81,0.29,0.54,0.54,0
NWL,Newell Brands,Consumer Discretionary,Housewares & Specialties,6224680000,15.05,26.45,12.24,0.06,0.63,1.62,7.89,1.88,0.06,0.2,-0.2,0.4
NWS,News Corp (Class B),Communication Services,Publishing,11305334000,19.64,24.16,15.15,0.01,1.06,1.26,17.49,1.09,0.04,0.07,0.28,0.4
NWSA,News Corp (Class A),Communication Services,Publishing,11086595000,19.26,23.73,14.87,0.01,1.04,1.24,17.17,1.09,0.04,0.07,0.28,0.39
NXPI,NXP Semiconductors,Information Technology,Semiconductors,43664248000,168.5,211.83,132.08,0.02,3.46,5.79,11.92,13.84,0.17,0.52,0.16,0.44
O,Realty Income,Real Estate,Retail REITs,41630480000,66.38,75.4,55.5,0.04,12.34,1.52,16.88,1.03,0.01,0.02,0.89,0.22
ODFL,Old Dominion,Industrials,Trucking,35025004000,317.02,333.71,231.31,0,5.86,9.76,26.63,11.67,0.28,0.37,0.76,0.38
OGN,Organon & Co.,Health Care,Pharmaceuticals,7971768000,31.34,39.47,22.88,0.04,1.27,,5.62,5.59,0.13,-1.15,0,0.35
OKE,ONEOK,Energy,Oil & Gas Storage & Transportation,31157162000,69.71,75.07,50.5,0.05,1.37,4.93,19.33,3.6,0.07,0.26,0.85,0.33
OMC,Omnicom Group,Communication Services,Advertising,17084082000,83.78,91.61,61.31,0.03,1.23,5.16,12.09,6.79,0.05,0.41,-0.07,0.3
ON,ON Semiconductor,Information Technology,Semiconductors,28652416000,66.26,77.28,44.76,0,3.68,4.84,12.45,5.1,0.22,0.43,0.73,0.56
ORCL,Oracle Corporation,Information Technology,Application Software,2.35E+11,87.25,89.47,60.78,0.01,5.46,,21.43,4.01,0.09,-1.89,0.12,0.32
ORLY,O'Reilly Auto Parts,Consumer Discretionary,Specialty Stores,49646544000,793.38,870.92,562.9,0,3.73,,24.23,32.76,0.18,-3.2,0.55,0.29
OTIS,Otis Worldwide,Industrials,Industrial Machinery,33664312000,80.81,86.37,62.49,0.01,2.49,,25.29,3.15,0.12,-0.3,0,0.28
OXY,Occidental Petroleum,Energy,Oil & Gas Exploration & Production,60815440000,66.91,77.13,31.37,0.01,1.84,3.15,7.14,9.2,0.13,0.6,1.57,0.55
PARA,Paramount Global,Communication Services,Movies & Entertainment,13178232000,20.3,39.21,15.29,0.05,0.45,0.55,10.35,1.89,0.02,0.06,1.17,0.52
PAYC,Paycom,Information Technology,Application Software,18813868000,313.46,402.78,255.82,0,14.14,17,73.62,4.14,0.06,0.24,2.21,0.5
PAYX,Paychex,Information Technology,Data Processing & Outsourced Services,42509876000,117.93,141.92,105.66,0.03,9.03,12.99,29.03,3.98,0.15,0.46,0.46,0.28
PCAR,Paccar,Industrials,Construction Machinery & Heavy Trucks,34495112000,99.19,107.18,77,0.01,1.26,2.64,13.12,7.47,0.09,0.21,0.38,0.27
PCG,PG&E Corporation,Utilities,Multi-Utilities,38584200000,15.65,16.49,9.64,0,1.52,1.69,13.79,1.12,0.02,0.11,0.17,0.36
PEAK,Healthpeak,Real Estate,Health Care REITs,14432949000,26.85,35.72,21.41,0.04,7.22,2.05,15.56,0.93,0.03,0.07,-0.11,0.28
PEG,Public Service Enterprise Group,Utilities,Electric Utilities,30151550000,60.43,75.61,52.51,0.04,3.12,2.26,17.05,3.52,0.04,0.13,0.07,0.23
PEP,PepsiCo,Consumer Staples,Soft Drinks,2.34E+11,169.88,186.84,153.37,0.03,2.82,12.21,25.51,6.65,0.1,0.51,0.27,0.21
PFE,Pfizer,Health Care,Pharmaceuticals,2.53E+11,45.11,56.32,41.44,0.04,2.59,2.72,6.9,6.52,0.2,0.44,0.54,0.3
PFG,Principal Financial Group,Financials,Life & Health Insurance,21522316000,87.96,96.17,61.05,0.03,1.24,2.24,12.74,6.82,0.01,0.15,0.15,0.32
PG,Procter & Gamble,Consumer Staples,Personal Products,3.41E+11,142.97,164.98,122.18,0.03,4.24,7.6,24.99,5.77,0.12,0.32,0.23,0.22
PGR,Progressive Corporation,Financials,Property & Casualty Insurance,74672488000,127.63,135.45,100.81,0,1.54,5.16,34.88,3.61,0.03,0.14,1.03,0.27
PH,Parker Hannifin,Industrials,Industrial Machinery,39204924000,305.32,340,230.44,0.02,2.41,4.36,15.52,19.19,0.1,0.28,0.32,0.32
PHM,PulteGroup,Consumer Discretionary,Homebuilding,11552752000,50.71,54.71,35.03,0.01,0.8,1.4,5.14,9.76,0.17,0.31,0.82,0.43
PKG,Packaging Corporation of America,Materials,Paper Packaging,12258902000,132.48,168.5,110.56,0.04,1.45,3.02,11.25,11.54,0.13,0.28,0.34,0.28
PKI,PerkinElmer,Health Care,Health Care Equipment,17396192000,137.82,190.56,113.46,0,3.61,2.38,15.11,8.8,0.08,0.16,1.4,0.37
PLD,Prologis,Real Estate,Industrial REITs,1.13E+11,122.82,174.54,98.03,0.03,18.74,1.93,23.46,5.39,0.05,0.08,1.28,0.32
PM,Philip Morris International,Consumer Staples,Tobacco,1.58E+11,101.82,112.48,82.85,0.05,4.99,,17.09,5.92,0.22,-1.19,-0.58,0.25
PNC,PNC Financial Services,Financials,Regional Banks,62462008000,154.87,214.5,143.52,0.04,2.54,1.3,10.59,14.17,0.01,0.13,0.31,0.31
PNR,Pentair,Industrials,Industrial Machinery,8086722000,49.16,65.45,38.55,0.02,1.99,2.99,12.88,3.73,0.12,0.24,-0.23,0.33
PNW,Pinnacle West,Utilities,Multi-Utilities,8526230000,75.36,80.6,59.03,0.05,2.08,1.32,15.72,4.72,0.02,0.09,0.09,0.25
POOL,Pool Corporation,Consumer Discretionary,Distributors,13774846000,352.74,488.75,278.1,0.01,2.3,11.31,18.09,19.06,0.21,0.66,1.06,0.4
PPG,PPG Industries,Materials,Specialty Chemicals,30788536000,131,159.16,107.06,0.02,1.65,4.73,20.4,6.1,0.07,0.23,0.2,0.34
PPL,PPL Corporation,Utilities,Electric Utilities,21588842000,29.32,31.74,23.47,0.03,3.06,1.55,21.75,1.34,0.03,0.07,-0.23,0.22
PRU,Prudential Financial,Financials,Life & Health Insurance,36690360000,98.63,124.22,85.46,0.05,0.58,2.1,9.49,10.22,0,0.1,0.21,0.31
PSA,Public Storage,Real Estate,Specialized REITs,50776944000,289.1,421.76,270.13,0.03,12.68,8.75,18.78,23.89,0.25,0.78,0.33,0.28
PSX,Phillips 66,Energy,Oil & Gas Refining & Marketing,50552716000,106.96,113.53,73.85,0.04,0.31,1.48,5.97,17.49,0.13,0.33,0.32,0.4
PTC,PTC,Information Technology,Application Software,15354111000,129.95,135.09,96.55,0,7.8,6.53,38.19,3.34,0.09,0.19,0.66,0.4
PWR,Quanta Services,Industrials,Construction & Engineering,20897844000,146.24,155,93.91,0,1.31,3.95,25.22,5.69,0.06,0.16,0.7,0.38
PXD,Pioneer Natural Resources,Energy,Oil & Gas Exploration & Production,57924980000,239.4,288.46,194.54,0.02,2.46,2.51,8.17,29.16,0.2,0.32,2.83,0.43
PYPL,PayPal,Information Technology,Data Processing & Outsourced Services,90164808000,79.09,176.2,66.39,0,3.41,4.32,25.75,2.98,0.05,0.17,1.34,0.55
QCOM,Qualcomm,Information Technology,Semiconductors,1.38E+11,122.9,192.1,101.93,0.02,2.98,7.33,10.55,11.15,0.28,0.87,0.98,0.44
QRVO,Qorvo,Information Technology,Semiconductors,10381219000,102.39,144.31,75.38,0,2.16,2.32,9.74,10.14,0.15,0.24,0.53,0.45
RCL,Royal Caribbean Group,Consumer Discretionary,"Hotels, Resorts & Cruise Lines",16073915000,62.99,90.55,31.09,0,2.22,4.84,0,-11.17,-0.09,-0.73,-0.82,0.64
RE,Everest Re,Financials,Reinsurance,13250304000,338.32,361.67,244.57,0.02,1.12,1.77,14.39,23.94,0.02,0.1,1.05,0.27
REG,Regency Centers,Real Estate,Retail REITs,11011765000,64.35,73.41,51.97,0.04,9.17,1.76,15.94,2.58,0.04,0.07,0.9,0.31
REGN,Regeneron,Health Care,Biotechnology,78627248000,722,779,538.01,0,5.97,3.63,13.02,54.96,0.24,0.31,2.31,0.32
RF,Regions Financial Corporation,Financials,Regional Banks,21202580000,22.69,25.57,18.01,0.04,2.99,1.5,10.14,2.14,0.01,0.14,0.24,0.36
RHI,Robert Half,Industrials,Human Resource & Employment Services,8492216000,78.27,125.77,65.4,0.02,1.18,5.51,12.29,6.16,0.23,0.47,0.23,0.35
RJF,Raymond James,Financials,Investment Banking & Brokerage,24570910000,113.68,126,84.86,0.01,2.15,2.61,15.28,7.36,0.02,0.18,0.69,0.33
RL,Ralph Lauren Corporation,Consumer Discretionary,"Apparel, Accessories & Luxury Goods",7985911000,121.05,135.99,82.23,0.02,1.24,3.45,15.56,7.54,0.07,0.22,-0.07,0.45
RMD,ResMed,Health Care,Health Care Equipment,34384188000,234.73,262.38,189.4,0.01,9.39,9.78,39.6,5.79,0.17,0.26,0.73,0.34
ROK,Rockwell Automation,Industrials,Electrical Components & Equipment,31007880000,270,312.66,190.08,0.02,3.93,10.15,27.93,9.5,0.1,0.39,0.23,0.34
ROL,"Rollins, Inc.",Industrials,Environmental & Facilities Services,17783164000,36.11,43.06,28.5,0.01,6.75,14.75,50.46,0.71,0.17,0.31,0.54,0.31
ROP,Roper Technologies,Information Technology,Electronic Equipment & Instruments,46831504000,441.59,488.23,356.21,0.01,7.68,3.31,28.58,15.12,0.07,0.12,0.52,0.27
ROST,Ross Stores,Consumer Discretionary,Apparel Retail,39854056000,115.73,122.44,69.24,0.01,2.11,9.61,28.09,4.12,0.11,0.35,0.47,0.39
RSG,Republic Services,Industrials,Environmental & Facilities Services,38915524000,123.15,149.17,113.57,0.02,3.02,4.05,25.23,4.82,0.06,0.17,0.2,0.24
RTX,Raytheon Technologies,Industrials,Aerospace & Defense,1.39E+11,94.36,106.02,80.27,0.02,2.13,1.93,20.49,4.6,0.04,0.09,0.12,0.27
SBAC,SBA Communications,Real Estate,Specialized REITs,32045390000,296.81,379.99,236.2,0.01,12.81,,24.66,3.71,0.04,-0.08,0.41,0.32
SBNY,Signature Bank,Financials,Regional Banks,8041697000,127.79,355.51,106.81,0.02,2.02,0.93,5.72,20.47,0.01,0.17,1.46,0.54
SBUX,Starbucks,Consumer Discretionary,Restaurants,1.21E+11,105.04,107.6,68.39,0.02,3.71,,35.22,2.96,0.12,-0.4,0.44,0.33
SCHW,Charles Schwab Corporation,Financials,Investment Banking & Brokerage,1.40E+11,77.03,96.24,59.35,0.01,6.67,5.19,19.52,3.7,0.01,0.24,1.41,0.36
SEDG,SolarEdge,Information Technology,Semiconductor Equipment,16473934000,294.73,375.9,190.15,0,6.11,7.74,154.15,1.86,0.03,0.06,0,0.67
SEE,Sealed Air,Materials,Paper Packaging,7792726000,53.87,70.72,41.24,0.01,1.39,35.39,12.62,4.23,0.1,2.93,-0.18,0.33
SHW,Sherwin-Williams,Materials,Specialty Chemicals,63570368000,245.31,299.99,195.24,0.01,2.97,23.38,28.61,8.19,0.1,0.91,0.68,0.32
SIVB,SVB Financial,Financials,Regional Banks,17225270000,291.44,658.47,198.1,0,2,1.21,9.86,27.29,0.01,0.13,2.66,0.55
SJM,The J.M. Smucker Company,Consumer Staples,Packaged Foods & Meats,15869532000,148.93,163.07,119.82,0.03,2,1.95,17.39,8.63,0.06,0.11,0.08,0.24
SLB,Schlumberger,Energy,Oil & Gas Equipment & Services,81321952000,57.35,59.45,30.65,0.01,2.93,4.65,30.52,1.88,0.06,0.17,-0.08,0.48
SNA,Snap-on,Industrials,Industrial Machinery,12672681000,238.41,250.63,190.08,0.03,2.91,2.87,14.2,16.51,0.13,0.21,0.24,0.29
SNPS,Synopsys,Information Technology,Application Software,52190636000,342.42,391.17,255.02,0,9.94,9.18,54.4,6.09,0.1,0.17,0.86,0.4
SO,Southern Company,Utilities,Electric Utilities,73071736000,67.12,80.57,60.71,0.04,2.58,2.04,17.91,3.71,0.03,0.12,0.16,0.22
SPG,Simon Property Group,Real Estate,Retail REITs,40427864000,123.65,151.87,86.02,0.06,7.78,11.51,10.25,5.99,0.06,0.55,-0.06,0.36
SPGI,S&P Global,Financials,Financial Exchanges & Data,1.20E+11,368.05,423.55,279.32,0.01,10.59,3.16,30.66,11.78,0.07,0.12,0.47,0.3
SRE,Sempra Energy,Utilities,Multi-Utilities,49661476000,157.99,176.47,129.69,0.03,3.38,1.73,17.27,9.02,0.04,0.11,0.26,0.24
STE,Steris,Health Care,Health Care Equipment,20474694000,205.11,255.93,159.21,0.01,4.34,3.43,24.74,8.05,0.07,0.13,0.75,0.32
STLD,Steel Dynamics,Materials,Steel,18965178000,108.02,113.71,50.54,0.01,0.9,2.43,4.47,23.99,0.34,0.65,1.37,0.48
STT,State Street Corporation,Financials,Asset Management & Custody Banks,30925702000,84.28,103.76,58.62,0.03,2.57,1.25,10.96,7.35,0.01,0.12,0.16,0.38
STX,Seagate Technology,Information Technology,"Technology Hardware, Storage & Peripherals",12250980000,59.34,117.03,47.47,0.05,1.03,,10.19,5.71,0.14,7.17,0.08,0.43
STZ,Constellation Brands,Consumer Staples,Distillers & Vintners,40763624000,220.88,261.52,207.59,0.01,4.19,4.58,19.64,11.03,0.08,0.2,0.2,0.25
SWK,Stanley Black & Decker,Industrials,Industrial Machinery,12697862000,85.83,180.93,70.24,0.04,0.79,1.38,12.32,6.77,0.04,0.12,0.37,0.4
SWKS,Skyworks Solutions,Information Technology,Semiconductors,16506191000,103.06,148.74,76.16,0.02,2.92,2.93,9.89,10.1,0.19,0.31,0.5,0.43
SYF,Synchrony Financial,Financials,Consumer Finance,15953656000,35.41,47.05,27.22,0.03,1.13,1.2,5.19,6.28,0.03,0.26,0.04,0.44
SYK,Stryker Corporation,Health Care,Health Care Equipment,96961328000,256.22,279.28,188.84,0.01,5.46,5.82,27.99,9.05,0.1,0.22,0.51,0.3
SYY,Sysco,Consumer Staples,Food Distributors,39441756000,77.83,91.53,70.61,0.03,0.57,34.97,22.64,3.4,0.08,1.38,0.24,0.3
T,AT&T,Communication Services,Integrated Telecommunication Services,1.37E+11,19.23,21.53,14.46,0.06,0.9,0.96,6.58,2.88,0.04,0.13,0.03,0.27
TAP,Molson Coors Beverage Company,Consumer Staples,Brewers,10821120000,49.98,60.12,46.69,0.03,1.02,0.8,13.74,3.61,0.03,0.06,1.1,0.31
TDG,TransDigm Group,Industrials,Aerospace & Defense,36575344000,672.65,691,499.63,0,6.61,,43.93,15.03,0.05,-0.3,0.55,0.36
TDY,Teledyne Technologies,Information Technology,Electronic Equipment & Instruments,18946662000,404.23,493.97,325,0,3.56,2.44,22.52,17.8,0.06,0.11,1.15,0.3
TECH,Bio-Techne,Health Care,Life Sciences Tools & Services,12786776000,81.46,113.81,68,0,11.47,7.24,46.9,1.72,0.12,0.16,0.96,0.43
TEL,TE Connectivity,Information Technology,Electronic Manufacturing Services,38711352000,122.22,152.85,104.76,0.02,2.36,3.59,16.6,7.31,0.11,0.22,0.24,0.32
TER,Teradyne,Information Technology,Semiconductor Equipment,15190882000,97.53,147.94,67.81,0,5.1,6.53,19.93,4.71,0.23,0.33,1.11,0.47
TFC,Truist,Financials,Regional Banks,63578624000,47.92,66.1,40.01,0.04,2.5,1.18,9.6,5.05,0.01,0.13,1.09,0.32
TFX,Teleflex,Health Care,Health Care Equipment,11055272000,235.69,356.72,182.65,0.01,3.99,2.83,17.9,13.14,0.09,0.16,0.5,0.38
TGT,Target Corporation,Consumer Discretionary,General Merchandise Stores,74659264000,162.21,254.87,137.16,0.03,0.69,6.65,21.76,7.31,0.06,0.31,0.53,0.37
TJX,TJX Companies,Consumer Discretionary,Apparel Retail,91908792000,79.54,83.13,53.69,0.01,1.89,16.2,26.38,3.01,0.13,0.63,0.46,0.33
TMO,Thermo Fisher Scientific,Health Care,Life Sciences Tools & Services,2.33E+11,593.66,618.35,475.77,0,5.32,5.25,23.95,24.38,0.1,0.23,1.15,0.3
TMUS,T-Mobile US,Communication Services,Wireless Telecommunication Services,1.81E+11,145.12,154.38,102.27,0,2.28,2.57,41.47,3.5,0.02,0.06,1.15,0.3
TPR,"Tapestry, Inc.",Consumer Discretionary,"Apparel, Accessories & Luxury Goods",10532404000,43.71,44.23,26.39,0.03,1.54,4.56,12.52,3.41,0.12,0.36,0.49,0.48
TRGP,Targa Resources,Energy,Oil & Gas Storage & Transportation,17127534000,75.66,81.5,52.6,0.02,0.79,3.58,24.79,3.02,0.06,0.21,1.53,0.41
TRMB,Trimble Inc.,Information Technology,Electronic Equipment & Instruments,13759209000,55.79,74.87,47.52,0,3.75,3.48,24.2,2.24,0.08,0.14,0.55,0.39
TROW,T. Rowe Price,Financials,Asset Management & Custody Banks,26326410000,117.81,162.81,93.53,0.04,3.87,2.8,12.08,9.44,0.18,0.24,0.82,0.37
TRV,The Travelers Companies,Financials,Property & Casualty Insurance,43431716000,185.33,194.45,149.65,0.02,1.24,2.17,12.97,14.19,0.03,0.14,0.26,0.24
TSCO,Tractor Supply,Consumer Discretionary,Specialty Stores,23425888000,212.07,241.54,166.49,0.02,1.77,11.77,22.46,9.21,0.13,0.54,0.88,0.34
TSLA,"Tesla, Inc.",Consumer Discretionary,Automobile Manufacturers,4.21E+11,133.42,384.29,101.81,0,6.15,9.87,39.29,3.23,0.17,0.31,6.69,0.64
TSN,Tyson Foods,Consumer Staples,Packaged Foods & Meats,23265408000,64.7,100.72,59.38,0.03,0.43,1.15,7.27,8.73,0.09,0.17,0.39,0.29
TT,Trane Technologies,Industrials,Building Products,39124556000,169.88,183.94,120.64,0.02,2.6,6.56,24.18,6.91,0.09,0.27,0.05,0.31
TTWO,Take-Two Interactive,Communication Services,Interactive Home Entertainment,17887826000,106.59,178.5,90,0,4.9,1.82,33.31,3.07,0.03,0.06,0.97,0.44
TXN,Texas Instruments,Information Technology,Semiconductors,1.57E+11,173,191.34,144.46,0.03,7.98,10.69,17.95,9.52,0.35,0.64,0.37,0.33
TXT,Textron,Industrials,Aerospace & Defense,14165111000,67.85,76.11,57.11,0,1.18,2.05,17.12,3.88,0.05,0.12,-0.1,0.35
TYL,Tyler Technologies,Information Technology,Application Software,13158238000,316,492.59,281.11,0,7.32,4.99,53.76,5.68,0.05,0.1,1.11,0.37
UAL,United Airlines Holdings,Industrials,Airlines,16160808000,49.46,53.26,30.54,0,0.35,2.29,19.66,-1.6,0.01,0.17,0.19,0.54
UDR,"UDR, Inc.",Real Estate,Residential REITs,13015169000,39.98,60.01,37.18,0.04,8.71,3.3,17.53,0.53,0.02,0.05,0.34,0.31
UHS,Universal Health Services,Health Care,Health Care Facilities,10673654000,149.47,158.28,82.5,0.01,0.86,1.81,14.87,9.84,0.06,0.12,0.29,0.35
ULTA,Ulta Beauty,Consumer Discretionary,Specialty Stores,24995292000,491.25,501.44,330.8,0,2.88,12.92,21.46,22.75,0.24,0.68,0.78,0.4
UNH,UnitedHealth Group,Health Care,Managed Health Care,4.55E+11,486.72,558.1,445.73,0.01,1.4,5.56,21.83,22.19,0.09,0.27,0.61,0.26
UNP,Union Pacific Corporation,Industrials,Railroads,1.28E+11,208.66,278.94,183.7,0.02,5.39,10.76,18.11,11.35,0.11,0.57,0.09,0.28
UPS,United Parcel Service,Industrials,Air Freight & Logistics,1.54E+11,178.13,233.72,154.87,0.03,1.54,8.97,13.63,12.92,0.16,0.72,0.6,0.32
URI,United Rentals,Industrials,Trading Companies & Distributors,26591398000,383.67,394.4,230.54,0,2.48,4.07,12.34,30.25,0.1,0.35,0.69,0.42
USB,U.S. Bank,Financials,Diversified Banks,69031336000,46.46,60.5,38.39,0.04,2.94,1.65,10.54,4.33,0.01,0.15,0.04,0.29
V,Visa Inc.,Information Technology,Data Processing & Outsourced Services,4.22E+11,224.31,235.85,174.6,0.01,14.16,12.53,29.35,7.51,0.19,0.49,0.6,0.31
VFC,VF Corporation,Consumer Discretionary,"Apparel, Accessories & Luxury Goods",11400526000,29.34,69.48,25.05,0.07,0.93,3.58,10.85,2.62,0.08,0.3,0,0.42
VICI,Vici Properties,Real Estate,Hotel & Resort REITs,32340832000,33.58,35.69,26.23,0.05,12.09,1.45,17.94,1.61,0.04,0.07,0,0.27
VLO,Valero Energy,Energy,Oil & Gas Refining & Marketing,55025700000,142.73,146.91,75.04,0.03,0.34,2.25,5.95,23.28,0.15,0.43,0.51,0.45
VMC,Vulcan Materials Company,Materials,Construction Materials,23775730000,178.89,193.31,137.54,0.01,3.32,3.41,33.4,5.29,0.05,0.11,0.55,0.33
VRSK,Verisk,Industrials,Research & Consulting Services,28401624000,181.61,222.11,156.05,0.01,9.61,13.9,30.74,5.8,0.12,0.38,0.5,0.28
VRSN,Verisign,Information Technology,Internet Services & Infrastructure,22783898000,214.91,228.8,155.25,0,16.83,,35.1,6.03,0.35,-0.48,0.16,0.31
VRTX,Vertex Pharmaceuticals,Health Care,Biotechnology,79533136000,309.84,324.75,221.69,0,9.2,6.07,23.31,13.21,0.23,0.3,3.45,0.33
VTR,Ventas,Real Estate,Health Care REITs,19698102000,49.28,64.02,35.33,0.04,4.85,1.85,16.12,-0.11,0,0,0.11,0.31
VTRS,Viatris,Health Care,Pharmaceuticals,14067148000,11.6,15.6,8.42,0.04,0.84,0.73,3.32,3.47,0.08,0.21,0.61,0.43
VZ,Verizon,Communication Services,Integrated Telecommunication Services,1.68E+11,40,55.51,34.55,0.07,1.24,1.89,7.57,5.29,0.06,0.26,0.06,0.22
WAB,Wabtec,Industrials,Construction Machinery & Heavy Trucks,18523256000,101.85,105.51,78.26,0.01,2.31,1.83,21.03,4.76,0.05,0.09,1.67,0.33
WAT,Waters Corporation,Health Care,Health Care Distributors,20124460000,338.75,369,265.61,0,6.97,51.2,28,11.86,0.24,1.9,0.29,0.34
WBA,Walgreens Boots Alliance,Consumer Staples,Drug Retail,30946644000,35.88,52.77,30.39,0.05,0.23,1.24,7.85,4.51,0.04,0.14,0.12,0.32
WBD,Warner Bros. Discovery,Communication Services,Broadcasting,31617718000,13.02,27.5,8.82,0,0.75,0.61,14.01,0.89,0.01,0.02,0.88,0.61
WDC,Western Digital,Information Technology,"Technology Hardware, Storage & Peripherals",12216819000,38.46,63.26,29.73,0,0.63,0.99,7.62,4.93,0.06,0.13,-0.02,0.5
WEC,WEC Energy Group,Utilities,Electric Utilities,29360690000,93.08,108.39,80.82,0.03,3.19,2.5,21.01,4.37,0.03,0.12,0.11,0.23
WELL,Welltower,Real Estate,Health Care REITs,34413704000,72.83,99.43,56.5,0.03,5.84,1.62,21.39,0.46,0.01,0.01,0.11,0.3
WFC,Wells Fargo,Financials,Diversified Banks,1.67E+11,43.92,60.3,36.54,0.03,1.98,1.01,11.96,3.59,0.01,0.09,-0.15,0.35
WHR,Whirlpool Corporation,Consumer Discretionary,Household Appliances,8216373000,150.82,214.1,124.43,0.05,0.42,1.82,6.64,21.91,0.07,0.28,0.06,0.4
WM,Waste Management,Industrials,Environmental & Facilities Services,62417128000,152.06,175.98,138.58,0.02,3.26,8.81,27.12,5.55,0.08,0.32,0.32,0.23
WMB,Williams Companies,Energy,Oil & Gas Storage & Transportation,38328976000,31.46,37.97,27.32,0.05,3.4,2.8,19.01,1.68,0.04,0.15,0.42,0.3
WMT,Walmart,Consumer Staples,Hypermarkets & Super Centers,3.79E+11,140.54,160.77,117.27,0.02,0.65,4.67,22.76,6.1,0.07,0.2,0.18,0.24
WRB,Berkley,Financials,Property & Casualty Insurance,18562082000,69.92,76.99,53.34,0.01,1.8,2.91,16.42,4.25,0.04,0.18,0.24,0.24
WRK,WestRock,Materials,Paper Packaging,9452799000,37.14,54.78,30.08,0.03,0.44,0.81,7.61,4.79,0.04,0.11,0.43,0.36
WST,West Pharmaceutical Services,Health Care,Health Care Supplies,19215262000,259.55,424,206.19,0,6.81,7.63,28.82,8.84,0.2,0.28,0.88,0.39
WTW,Willis Towers Watson,Financials,Insurance Brokers,27389624000,253.05,258.43,187.89,0.01,3.35,2.75,19.59,12.85,0.05,0.14,0.14,0.26
WY,Weyerhaeuser,Real Estate,Specialized REITs,23571420000,32.03,43.04,27.36,0.02,2.26,2.11,9.48,3.28,0.14,0.23,0.6,0.32
WYNN,Wynn Resorts,Consumer Discretionary,Casinos & Gaming,11248681000,99.27,100.93,50.2,0,2.99,,0,-4.6,-0.04,0,-0.16,0.56
XEL,Xcel Energy,Utilities,Multi-Utilities,37513924000,68.55,77.66,56.89,0.03,2.56,2.27,22.22,3.06,0.03,0.11,0.21,0.23
XOM,ExxonMobil,Energy,Integrated Oil & Gas,4.67E+11,113.35,114.66,69.81,0.03,1.24,2.37,8.76,12.71,0.15,0.3,0.26,0.35
XRAY,Dentsply Sirona,Health Care,Health Care Supplies,7945297000,36.97,58.7,26.48,0.01,1.97,2.18,0,1.69,0.05,0.1,0.14,0.39
XYL,Xylem Inc.,Industrials,Industrial Machinery,19856860000,110.18,118.58,72.08,0.01,3.74,6.08,42.6,2.55,0.06,0.14,0.38,0.33
YUM,Yum! Brands,Consumer Discretionary,Restaurants,35670152000,126.63,132.87,103.96,0.02,5.51,,29.94,4.21,0.21,-0.15,0.03,0.26
ZBH,Zimmer Biomet,Health Care,Health Care Equipment,26040536000,124.09,135.05,100.39,0.01,3.3,2.09,17.52,6.96,0.07,0.12,0.02,0.31
ZBRA,Zebra Technologies,Information Technology,Electronic Equipment & Instruments,15335659000,297.03,520.32,224.87,0,2.74,5.59,18.16,15.84,0.12,0.3,0.57,0.43
ZION,Zions Bancorporation,Financials,Regional Banks,7702335000,51.48,75.44,45.21,0.03,2.57,1.75,9.34,5.3,0.01,0.15,0.2,0.37
ZTS,Zoetis,Health Care,Pharmaceuticals,76347248000,163.81,205.3,124.15,0.01,9.67,16.19,34.24,4.73,0.16,0.48,0.59,0.3
